{
  "UserAgent": "MobileHub/1.0",
  "Version": "1.0",
  "CredentialsProvider": {
    "CognitoIdentity": {
      "Default": {
        "PoolId": "us-west-2:b63ba028-3e34-42f1-9b9b-6d90f70c6ac7",
        "Region": "us-west-2"
      }
    }
  },
  "IdentityManager": {
    "Default": {}
  },
  "CognitoUserPool": {
    "Default": {
      "PoolId": "us-west-2_zGLr2pHXD",
      "AppClientId": "67ul4icd5fcbmkj2cljttvhvmn",
      "AppClientSecret": "70fafaa80io7g7ee6li5htm4rfvqnijl089cla7vaoumeb8qg1g",
      "Region": "us-west-2"
    }
  },
  "DynamoDBObjectMapper": {
    "Default": {
      "Region": "us-west-2"
    }
  },
  "PinpointAnalytics": {
    "Default": {
      "AppId": "eed60bd209d74db09c25459fa066c27d",
      "Region": "us-east-1"
    }
  },
  "PinpointTargeting": {
    "Default": {
      "Region": "us-east-1"
    }
  }
}